{
  "data": [
    {
      "title": "✌️ Vue 3: Novedades aplicadas al mundo real",
      "category": "frontend",
      "description": "Veremos cómo exprimir las novedades de Vue 3 con ejemplos reales y aplicando buenas prácticas.",
      "image": "novedades-vue-3.jpg",
      "link": "https://pro.codely.tv/library/novedades-vue-3/about/?utm_source=cursos&utm_medium=landing&utm_campaign=internal&utm_content=courses-masonry",
      "teachers": "Javi y Núria"
    },
    {
      "title": "🐂 Makefiles",
      "category": "tooling",
      "description": "El centralizar tareas de nuestras aplicaciones es algo muy importante, y con los Makefiles se simplifica mucho.",
      "image": "makefiles.jpg",
      "link": "https://pro.codely.tv/library/makefiles/about/?utm_source=cursos&utm_medium=landing&utm_campaign=internal&utm_content=courses-masonry",
      "teachers": "Rafa"
    },
    {
      "title": "💻 Bash para el día a día: Scripting & Productividad",
      "category": "tooling",
      "description": "Aprende a usar la navaja suiza de los programadores 😬",
      "image": "bash.jpg",
      "link": "https://pro.codely.tv/library/curso-bash/about/?utm_source=cursos&utm_medium=landing&utm_campaign=internal&utm_content=courses-masonry",
      "teachers": "Javi y Rafa"
    },
    {
      "title": "☕ DDD en Java",
      "category": "backend",
      "description": "Crea paso a paso tu aplicación Java siguiendo Domain-Driven Design. Estructura de carpetas, integración con BD, sistema de colas, CQRS y más.",
      "image": "ddd-java.jpg",
      "link": "https://pro.codely.tv/library/ddd-en-java/about/?utm_source=cursos&utm_medium=landing&utm_campaign=internal&utm_content=courses-masonry",
      "teachers": "Javi y Rafa"
    },
    {
      "title": "🐘 DDD en PHP",
      "category": "backend",
      "description": "Crea paso a paso tu aplicación PHP siguiendo Domain-Driven Design. Estructura de carpetas, integración con BD, sistema de colas, CQRS y más.",
      "image": "ddd-en-php.jpg",
      "link": "https://pro.codely.tv/library/ddd-en-php/about/?utm_source=cursos&utm_medium=landing&utm_campaign=internal&utm_content=courses-masonry",
      "teachers": "Javi y Rafa"
    },
    {
      "title": "💻 Terminal 100% productiva con Zsh",
      "category": "tooling",
      "description": "Consigue ser un Productivity Raptor™️ con tu terminal gracias a Zsh, Oh My Zsh, Zim y funciones avanzadas.",
      "image": "terminal-zsh.jpg",
      "link": "https://pro.codely.tv/library/terminal-zsh/about/?utm_source=cursos&utm_medium=landing&utm_campaign=internal&utm_content=courses-masonry",
      "teachers": "Javi y Rafa"
    },
    {
      "title": "📐 Buenas prácticas con CSS: Layouts",
      "category": "frontend",
      "description": "Aprende a crear layouts responsive mantenibles y reutilizables con CSS sin desesperarte 🧘",
      "image": "layouts-css.jpg",
      "link": "https://pro.codely.tv/library/layouts-css/about/?utm_source=cursos&utm_medium=landing&utm_campaign=internal&utm_content=courses-masonry",
      "teachers": "Núria y Rafa"
    }
  ]
}